<actor type="base" subtype="player">
	<name>Player</name>
	<sprite width="0.6" height="1.6">		
		<image type="png" filename="player.png" />
		<animation columns="4" rows="2" initialstate="0">
			<state index="0" startframe="0" frames="4" fps="16">Walking Right</state>
			<state index="1" startframe="4" frames="4" fps="16">Walking Left</state>
		</animation>	
	</sprite>
	<stats bagcapacity="6" hp="100" />
	<behaviour>
		<movement maxvel="4" accelforce="800" jumpforce="700" />
		<physics density="100" friction="0" restitution="0.1" />
	</behaviour>
</actor>