<actor type="enemy" subtype="zombie">
	<name>Zombie</name>
	<sprite width="0.375" height="1.5">
		<image type="png" filename="zombie.png" />
		<animation columns="4" rows="2" initialstate="0">
			<state index="0" startframe="0" frames="4" fps="8">Walking Right</state>
			<state index="1" startframe="4" frames="4" fps="8">Walking Left</state>
		</animation>
	</sprite>
	<behaviour>
		<stats hp="10" armour="0" />
		<movement xvel="1.5" />
		<physics density="1" friction="0.1" restitution="0.1" />
	</behaviour>
</actor>