<actor type="player" subtype="player">
	<name>Player</name>
	<sprite width="0.6" height="1.6">
		<image type="png" filename="../../resource/sprites/player.png" />
		<animation columns="4" rows="2" fps="16" initialstate="0">
			<state index="0" frames="4">Walking Left</state>
			<state index="1" frames="4">Walking Right</state>
		</animation>
	</sprite>
	<behaviour>
		<movement maxvel="4" accelforce="800" jumpforce="700" />
		<physics density="100" friction="0" restitution="0.1" />
	</behaviour>
</actor>