<actor type="weapon" subtype="catapult">
	<name>Tong Catapult</name>
	<firing recoverytime="2" animationtime="0.25" firingtime="0.2" />
	<sprite width="1.5" height="1.5">
		<image type="png" filename="catapult.png" />
		<animation columns="4" rows="4" initialstate="0">
			<state index="0" x="0" y="0" w="1.5" h="1.5" srcw="0.25" srch="0.25" frames="1" fps="0">Neutral</state>
			<state index="1" x="0" y="0" w="1.5" h="1.5" srcw="0.25" srch="0.25" frames="6" fps="24">Firing</state>
			<state index="2" x="0.5" y="0.25" w="1.5" h="1.5" srcw="0.25" srch="0.25" frames="6" fps="6">Dying</state>
			<state index="3" x="0.75" y="0.5" w="1.5" h="1.5" srcw="0.25" srch="0.25" frames="1" fps="0">Dead</state>
		</animation>
	</sprite>
</actor>